{"format_version":"1.10.0","minecraft:client_entity":{"description":{"animations":{"attack":"animation.nextbot.attack","attack_controllers":"controller.animation.nextbot.attack"},"geometry":{"default":"geometry.mp_uncle"},"identifier":"mp:uncle","materials":{"default":"witch"},"render_controllers":["controller.render.witch"],"scripts":{"animate":["attack_controllers"],"pre_animation":["variable.attack = Math.sin(variable.attack_time * 30.0);"],"scale":"4"},"spawn_egg":{"texture":"spawn_egg","texture_index":52},"textures":{"default":"textures/entity/nextbots/mp_uncle"}}}}
